{
    "openapi": "3.0.0",
    "info": {
        "title": "Laravel Products API",
        "description": "API for managing products in a Laravel application.",
        "version": "1.0.0"
    },
    "paths": {
        "/api/products": {
            "get": {
                "tags": [
                    "Products"
                ],
                "summary": "Get all products",
                "operationId": "1bfaa78d1c2c3848ab8165c5dadcad3e",
                "responses": {
                    "200": {
                        "description": "List of products",
                        "content": {
                            "application/json": {
                                "schema": {
                                    "type": "array",
                                    "items": {
                                        "$ref": "#/components/schemas/Product"
                                    }
                                }
                            }
                        }
                    }
                }
            },
            "post": {
                "tags": [
                    "Products"
                ],
                "summary": "Create a new product",
                "operationId": "e8185e307706e2cd84bbcf5171e2f09d",
                "requestBody": {
                    "required": true,
                    "content": {
                        "application/json": {
                            "schema": {
                                "$ref": "#/components/schemas/Product"
                            }
                        }
                    }
                },
                "responses": {
                    "201": {
                        "description": "Product created successfully",
                        "content": {
                            "application/json": {
                                "schema": {
                                    "properties": {
                                        "message": {
                                            "type": "string"
                                        },
                                        "title": {
                                            "type": "string"
                                        },
                                        "data": {
                                            "$ref": "#/components/schemas/Product"
                                        }
                                    },
                                    "type": "object"
                                }
                            }
                        }
                    }
                }
            }
        },
        "/api/products/{id}": {
            "get": {
                "tags": [
                    "Products"
                ],
                "summary": "Get a single product",
                "operationId": "7ab21ddb713501f3d4c2914892c02a21",
                "parameters": [
                    {
                        "name": "id",
                        "in": "path",
                        "description": "ID of the product",
                        "required": true,
                        "schema": {
                            "type": "integer"
                        }
                    }
                ],
                "responses": {
                    "200": {
                        "description": "Product details",
                        "content": {
                            "application/json": {
                                "schema": {
                                    "$ref": "#/components/schemas/Product"
                                }
                            }
                        }
                    },
                    "404": {
                        "description": "Product not found"
                    }
                }
            },
            "put": {
                "tags": [
                    "Products"
                ],
                "summary": "Update a product",
                "operationId": "6a7e11900844cd85cff66e662b82bd4c",
                "parameters": [
                    {
                        "name": "id",
                        "in": "path",
                        "description": "ID of the product",
                        "required": true,
                        "schema": {
                            "type": "integer"
                        }
                    }
                ],
                "requestBody": {
                    "required": true,
                    "content": {
                        "application/json": {
                            "schema": {
                                "$ref": "#/components/schemas/Product"
                            }
                        }
                    }
                },
                "responses": {
                    "200": {
                        "description": "Product updated successfully",
                        "content": {
                            "application/json": {
                                "schema": {
                                    "properties": {
                                        "message": {
                                            "type": "string"
                                        },
                                        "title": {
                                            "type": "string"
                                        },
                                        "data": {
                                            "$ref": "#/components/schemas/Product"
                                        }
                                    },
                                    "type": "object"
                                }
                            }
                        }
                    },
                    "404": {
                        "description": "Product not found"
                    }
                }
            },
            "delete": {
                "tags": [
                    "Products"
                ],
                "summary": "Delete a product",
                "operationId": "e80a6ca46716acee6b47ea1ac91663c0",
                "parameters": [
                    {
                        "name": "id",
                        "in": "path",
                        "description": "ID of the product",
                        "required": true,
                        "schema": {
                            "type": "integer"
                        }
                    }
                ],
                "responses": {
                    "200": {
                        "description": "Product deleted successfully",
                        "content": {
                            "application/json": {
                                "schema": {
                                    "properties": {
                                        "message": {
                                            "type": "string"
                                        },
                                        "title": {
                                            "type": "string"
                                        },
                                        "data": {
                                            "type": "null"
                                        }
                                    },
                                    "type": "object"
                                }
                            }
                        }
                    },
                    "404": {
                        "description": "Product not found"
                    }
                }
            }
        }
    },
    "components": {
        "schemas": {
            "Product": {
                "properties": {
                    "id": {
                        "type": "integer",
                        "format": "int64"
                    },
                    "name": {
                        "type": "string"
                    },
                    "description": {
                        "type": "string"
                    },
                    "price": {
                        "type": "number",
                        "format": "float"
                    },
                    "stock": {
                        "type": "integer",
                        "format": "int32"
                    },
                    "created_at": {
                        "type": "string",
                        "format": "date-time"
                    },
                    "updated_at": {
                        "type": "string",
                        "format": "date-time"
                    }
                },
                "type": "object"
            }
        }
    },
    "tags": [
        {
            "name": "Products",
            "description": "Products"
        }
    ]
}